Rank,Role title,Company/client,Platform link,Remote/flexible status,Paid/unpaid/stipend/salary,Required skills,Why it matches me,Risk score,Application deadline if available,Best custom pitch for me,Should apply
1,Python Developer Intern,Levroxen,https://in.indeed.com/q-python-intern-remote-jobs.html,Remote work from home; part-time,INR 8000-12000/month,Python; FastAPI; React; Git; VPS/Linux basics; API documentation,Strong match for React plus Python backend and deployable business software projects like ERP/dashboard work,Low,Not listed,"I am a BSc CS AI student who has built React/Vite business tools and local ERP-style apps. I can help with FastAPI APIs, React UI work, Git workflows, and clear documentation while learning quickly from senior engineers.",Yes
2,Python Backend Developer Intern,Starlabs Technologies,https://in.indeed.com/q-python-intern-remote-jobs.html,Remote; work from home; flexible schedule,INR 337836.89-1632963.98/year,Python; FastAPI; API development; backend systems,Good remote backend role with flexible schedule and higher pay ceiling; useful for moving from student projects to production APIs,Medium,Not listed,"I have hands-on Python, Django basics, dashboards, and automation experience. I am looking for a remote backend internship where I can build and maintain clean APIs, write readable code, and grow through real sprint work.",Yes
3,Founding ML / AI Engineering Intern,Tracer,https://in.indeed.com/q-python-intern-remote-jobs.html,Remote; work from home; flexible schedule,INR 393473.71-1630962.62/year,AI/ML; LLM tooling; Python; open-source interest,Strong AI-focused startup match; fits AI tools, Codex, prompt engineering, and local AI assistant experiments,Medium,Not listed,"I am an AI-focused CS student experimenting with local assistants, prompt workflows, and automation. I can contribute fast research, Python prototypes, evaluation notes, and clean issue/PR communication for an AI infra startup.",Yes
4,AI&ML Internship,PGAGI Consultancy Pvt. Ltd,https://in.indeed.com/q-python-intern-remote-jobs.html,Remote work from home,INR 8000-15000/month,Python; LLM; deep learning; NLP; real AI projects,Fits your target income floor and gives applied AI project exposure without travel,Medium,Not listed,"I am a BSc CS AI student with Python, AI tools, prompt engineering, and automation experience. I can support LLM/NLP prototypes, testing, and documentation, and I am comfortable using GitHub and AI coding tools responsibly.",Yes
5,AI / Machine Learning / Python Developer Intern,Adsquaretech Solutions,https://in.indeed.com/q-python-intern-remote-jobs.html,Remote work from home,INR 8000-15000/month,Python; ML; data-driven applications; model development,Good beginner/student AI role with paid stipend and project-based ML exposure,Medium,Not listed,"I have Python, AI tooling, automation, and dashboard-building experience. I can help develop small ML/data-driven features, document experiments, and turn prototypes into usable internal tools.",Yes
6,Hiring Python Developer Intern / Freelancer,7Range Soft Solution,https://in.indeed.com/q-python-intern-remote-jobs.html,Remote work from home; full-time + freelance/internship,INR 5000-10000/month,Python development; student/fresher friendly,Fits student/fresher profile and freelance/internship preference; pay is modest but acceptable as starter income,Medium,Not listed,"I am a student developer with Python, Django basics, React, and automation experience. I can take small Python tasks, write clean code, and communicate progress clearly while building practical experience.",Yes
7,Web Developer Intern,ETechDreams Solutions,https://in.indeed.com/q-python-intern-remote-jobs.html,Remote work from home,INR 5000-10000/month,Web development; technical problem solving,General web internship that fits React/Vite project background; may need checking stack before applying,Medium,Not listed,"I have built React/Vite projects including ERP-style tools, calculators, portfolio pages, and card studio experiments. I can help with frontend fixes, dashboards, API integration, and practical business workflows.",Yes
8,Data Analyst Intern,Optimspace,https://in.indeed.com/q-python-intern-remote-jobs.html,Remote,INR 7500-15000/month,Data collection; cleaning; analysis; reporting,Useful dashboard/business analytics bridge; less coding-heavy but aligns with dashboards and income goal,Medium,Not listed,"I enjoy turning messy business data into useful dashboards and decisions. I can clean datasets, create simple analysis reports, and use Python/AI tools to speed up repeatable reporting work.",Yes
9,Freshers Internship,Evoluz Global Solutions,https://in.indeed.com/q-python-intern-remote-jobs.html,Remote work from home,INR 5000-5500/month,Java/Python/HTML/CSS/JavaScript; 3-4 projects,Student-friendly and explicitly paid; lower pay but good if you need first formal experience,Low,Not listed,"I have multiple student and local-business projects in React, Python, and web tooling, including ERP and calculator-style apps. I am looking for paid remote experience where I can contribute reliably and learn fast.",Yes
10,Custom Website Automation Software Development,Client on Freelancer,https://www.freelancer.com/jobs/python/,Remote freelance project,Average bid about USD 238,Python; Node.js; Selenium/Playwright/Puppeteer; API integration; automation,Very strong fit for automation, Codex, Python, and business process software; project-based income potential,High,Freelancer page showed 6 days left,"I build practical automation and business software with Python, React, and AI coding tools. I can create a secure logged automation bot with clear error handling, logging, and handover documentation.",Yes
11,Custom Visitor & Task Management Apps,Client on Freelancer,https://www.freelancer.com/jobs/python/,Remote freelance project,Average bid about USD 238,Django; Python; REST API; frontend development; dashboards,Strong match to ERP/business software and dashboards; bid competition is high,High,Freelancer page showed 6 days left,"I have built local business software and ERP-style workflows. I can create lightweight visitor/task management apps with clean forms, searchable logs, dashboards, and simple documentation.",Yes
12,AI-Powered Bilingual Mental Health Chatbot,Client on Freelancer,https://www.freelancer.com/jobs/python/,Remote freelance project,Average bid about USD 429,Python; Flask; HTML/CSS/JS; Ollama; chatbot; SQLite,Good AI assistant experiment match; domain is sensitive so only apply if scope includes safety disclaimers and supervision,High,Freelancer page showed 6 days left,"I have experimented with local AI assistants and can build a careful Flask/Ollama MVP with login, chat history, bilingual support, and clear safety disclaimers. I will keep the scope honest and documented.",Maybe
13,Real-Time Income Predictor Web App,Client on Freelancer,https://www.freelancer.com/jobs/python/,Remote freelance project,Average bid about USD 10/hour,React/Node or Django/Flask; Python; realtime data; ML; web development,Fits dashboards and Python web app work; academic/study use seems beginner-accessible,Medium,Freelancer page showed 6 days left,"I can build a small real-time prediction web app using React plus Python/Django or Flask, with documented data flow, simple model logic, and a clean dashboard suitable for students to understand.",Yes
14,Asian AI Taskers Needed,Client on Freelancer,https://www.freelancer.com/jobs/python/,Remote flexible task pool,Average bid about USD 142,Python; ML workflows; notebooks; bash; data annotation; model training,Flexible Asia-based AI work, but vague scope means screen carefully before sharing data or accepting unpaid tests,High,Freelancer page showed 6 days left,"I am based in India and comfortable with Python, AI tools, notebooks, and structured task execution. I can take clearly scoped AI/data tasks and provide clean progress updates and reproducible notes.",Maybe
15,PaddleOCR-VL Windows Deployment,Client on Freelancer,https://www.freelancer.com/jobs/python/,Remote freelance project,Average bid about USD 125,Python; OCR; REST API; Windows deployment; reproducible setup,Good narrow project for Python/API learning, but may require advanced deployment troubleshooting,Medium,Freelancer page showed 6 days left,"I can set up a reproducible Python OCR workflow on Windows and expose a small CLI or REST endpoint that returns recognized text as JSON, with clear setup notes for reruns.",Maybe
16,Python Backend Intern,callmissed,https://in.indeed.com/q-python-intern-remote-jobs.html,Remote work from home; flexible schedule,INR 1-5000/month,Python backend; AI-native CRM/customer support context,Matches CRM/local business software interest but pay is below target; apply only if learning value is high,Medium,Not listed,"I have worked on local business software and automation ideas, and I am interested in AI-native CRM/customer support tools. I can help with Python backend tasks and practical workflow features.",No
17,Python Development Intern,Skills Nurture,https://in.indeed.com/q-python-intern-remote-jobs.html,Remote work from home; part-time/full-time shifts,INR 4000-5000/month,Python development; internship tasks,Beginner-friendly and remote, but pay is below target and certificate wording should be checked,Medium,Not listed,"I am a CS student with Python and web project experience looking for paid remote practice. I can handle small Python tasks, document what I build, and improve quickly with feedback.",No
18,Web Development Internship,Credex,https://internshala.com/internship/detail/work-from-home-part-time-web-development-internship-at-credex1775023818,Work from home; part-time; flexible hours,INR 15000-25000/month,React; Next.js; Node.js; REST API; Git; HTML/CSS; LLMOps,Excellent skill match and pay, but detailed Internshala page showed apply-by date already passed as of 2026-07-05,Low,1 May 2026,"I have built React/Vite dashboards and local business tools, and I am excited by AI/cloud infrastructure marketplaces. I can help with React/Next.js UI, API integrations, admin dashboards, and fast iteration.",No - deadline passed in source
19,AI Agent Development Internship,Primetrade.ai,https://internshala.com/internship/detail/work-from-home-ai-agent-development-internship-at-primetradeai1774330807,Work from home; flexible hours,INR 10000/month,Python; software testing; tool-using agents; JSON schema; GitHub PRs,Very strong AI automation match, but detailed Internshala page showed apply-by date already passed as of 2026-07-05,Low,23 Apr 2026,"I have hands-on AI assistant and automation experiments and can build small tool-calling agents with Python, structured outputs, logging, and test prompts. I can share a concise prototype quickly.",No - deadline passed in source
20,Artificial Intelligence Internship,PlanetMeta.Live,https://internshala.com/internship/detail/work-from-home-artificial-intelligence-ai-internship-at-planetmetalive1775575529,Work from home,INR 10000-12000/month,Python; Django/Flask/FastAPI; LangChain/LangGraph; RAG; NLP; agentic workflows,Strong AI automation and Python/Django fit, but must verify deadline in logged-in Internshala because scrape may be stale,Medium,Not captured,"I am a BSc CS AI student building AI assistant and automation experiments. I can support RAG/agent workflow prototypes, Python backend work, testing, and clear technical documentation.",Maybe - verify listing freshness first
