rank,category,country,university,program,degree_family,fresh_graduate_fit,work_experience,quant_fit,why_fit_deepan,main_gap_or_risk,duration,current_tuition_snapshot,deadline_status_for_deepan_intake,tests_snapshot,scholarship_route,official_program_url,official_admissions_or_fee_url,last_verified,unstable_fact_flag
"1","Dream","US","MIT Sloan","Master of Business Analytics","Business Analytics","Yes","Not required; early-career program","Very high","CS-AI plus business software can become a strong analytics/product story","Extreme selectivity and cost; needs linear algebra probability calculus programming proof","12 months","2026-27 list price USD 96,884 before stated capstone offset; verify","2028/29 TBD; current program is not rolling","GMAT/GRE optional in current FAQ; English test not required in current FAQ","Limited MIT fellowships; all receive stated capstone tuition offset","https://mitsloan.mit.edu/master-of-business-analytics","https://mitsloan.mit.edu/master-of-business-analytics/admissions/frequently-asked-questions","2026-07-12","Yes"
"2","Dream","UK","London Business School","Masters in Management","MiM","Yes","Designed for recent graduates; verify experience ceiling","High","Elite general management network with international mobility","Cost and competition; UK Graduate route currently 18 months for 2027+ applications","12-16 months depending option","TBD/verify on official fees page","2028 intake TBD/verify; do not infer from 2026 cycle","GMAT/GRE expected in current application guidance; English evidence may be waived at committee discretion","LBS MiM scholarships; award details vary","https://www.london.edu/masters-degrees/masters-in-management","https://www.london.edu/masters-degrees/masters-in-management/fees-financing-and-scholarships","2026-07-12","Yes"
"3","Dream","France","HEC Paris","Master in Management","MiM","Yes","Bachelor graduates eligible; limited experience normal","High","Top MiM platform; entrepreneurship and digital electives can connect Track A","Very selective; expensive; French needed for broad job access","2 years","TBD/verify","2028 intake TBD; official page currently lists old-cycle rounds only","GMAT/GRE/TAGE MAGE and English proof per route; verify exact 2028 rules","HEC Foundation merit/need awards; Eiffel only if institution nominates and eligible","https://www.hec.edu/en/master-s-programs/master-management","https://www.hec.edu/en/master-s-programs/master-management/admissions","2026-07-12","Yes"
"4","Dream","France/Singapore","INSEAD","Master in Management","MiM","Yes","No full-time experience required; business-context experience valued","High","Global one-school format and entrepreneurship exposure","EUR 57,870 current Class of 2028 tuition plus living; highly selective","14 months","EUR 57,870 for Class of MIM 2028","Deepan intake TBD/verify; five rounds exist in current process","GMAT/GRE plus English evidence if applicable","INSEAD MIM Diversity and Achievement awards; current class statistics unstable","https://www.insead.edu/master-programmes/master-management","https://www.insead.edu/master-programmes/master-management/faqs","2026-07-12","Yes"
"5","Dream","Singapore","National University of Singapore","MSc Business Analytics","Business Analytics","Yes","Recent graduates explicitly welcomed","Very high","Direct CS-AI analytics fit and strong industry capstone","SGD 85k current international fee and no automatic stay-back route","About 13 months full-time","SGD 85,000 for AY2026/27 international students","2028 intake TBD; AY2026/27 was 2025-10-06 to 2026-01-31","Program-specific; verify GRE/GMAT/English requirements for intake","NUS BAC merit scholarships","https://msba.nus.edu.sg/programme/","https://msba.nus.edu.sg/apply-now/","2026-07-12","Yes"
"6","Strong target","US","Duke Fuqua","MQM: Business Analytics","Business Analytics","Yes","Early-career design","Very high","Business analytics with functional tracks and team-based professional development","Very high total cost and US sponsorship risk","10 months","USD 85,600 tuition in 2025-26 bulletin; verify future amount","2028 intake TBD/verify","GMAT/GRE and English policy vary by cycle; verify","Fuqua merit scholarships; no separate application for many awards","https://www.fuqua.duke.edu/programs/mqm-business-analytics","https://www.fuqua.duke.edu/programs/mqm-business-analytics/tuition-costs","2026-07-12","Yes"
"7","Strong target","UK","Imperial College London","MSc Innovation Entrepreneurship and Management","Innovation/Entrepreneurship","Yes","Work experience can add weight but is not a substitute for academics","Medium","Excellent match to software products startup work and client discovery","Needs measured venture/customer impact; high London cost","12 months; 16-month placement option","GBP 45,500 for 2026 12-month entry","2028 TBD; current page says rolling; scholarship rounds can be earlier","GMAT not required in current page but may add weight; English requirement applies","Dean's Impact Scholarship and Imperial Excellence Bursary currently up to GBP 25k","https://www.imperial.ac.uk/study/courses/postgraduate-taught/innovation-entrepreneurship-management/","https://www.imperial.ac.uk/business-school/masters/innovation-entrepreneurship-management/fees-and-funding/","2026-07-12","Yes"
"8","Strong target","UK","Warwick Business School","MSc Business Analytics and Artificial Intelligence","Business Analytics","Yes","Fresh-graduate MSc; prerequisite fit must be verified","High","Direct AI/analytics-to-business progression","Quant competition and high fee; course relaunched/name changed for 2026","12 months","GBP 38,150 EU/international current fee","2028 deadline TBD/verify","Program-specific GMAT/GRE/English rules; verify","WBS MSc scholarships and Warwick awards","https://www.wbs.ac.uk/courses/masters/business-analytics-artificial-intelligence/","https://www.wbs.ac.uk/courses/masters/business-analytics-artificial-intelligence/fees/","2026-07-12","Yes"
"9","Strong target","France","ESSEC Business School","Master in Management","MiM","Yes","Designed for students with bachelor's/master's backgrounds; experience not normally required","High","Strong digital business entrepreneurship and France/Singapore options","High cost/selectivity; French important for France recruitment","2-3 years depending track","TBD/verify","2028 intake TBD/verify","GMAT/GRE/TAGE MAGE and English requirements vary by route","ESSEC academic excellence/diversity awards; Eiffel nomination where eligible","https://www.essec.edu/en/program/master-in-management/","https://www.essec.edu/en/program/master-in-management/admission/","2026-07-12","Yes"
"10","Strong target","Netherlands","Erasmus University Rotterdam - RSM","MSc Business Information Management","Tech/business hybrid","Yes","No full-time requirement stated; academic prerequisites control","High","Near-ideal business technology information-management fit","Capped at applications; non-EEA tuition and housing; prerequisite mapping","12 months","EUR 25,800 non-EEA for 2026/27","2028 TBD; current cycle 15 May or earlier at cap; rolling","English proof and bachelor content prerequisites; verify GMAT applicability","RSM Non-EEA Scholarship of Excellence and Erasmus Trustfonds routes","https://www.rsm.nl/education/master/msc-programmes/msc-business-information-management/","https://www.rsm.nl/education/deadlines/","2026-07-12","Yes"
"11","Realistic target","Ireland","Trinity College Dublin","MSc Business Analytics and AI for Management","Business Analytics","Yes","Strong quantitative ability or relevant experience expected","High","Technical/business blend and Irish level-9 graduate route","Dublin housing; competitive; full-time 2026 intake already closed by verification date","12 months","EUR 23,950 non-EU for 2026/27","2028 TBD; rolling and early closure risk","Band B English; other tests program-specific","GOI-IES; Trinity Global Excellence and school awards","https://www.tcd.ie/courses/postgraduate/courses/business-analytics-and-ai-for-management-msc/","https://www.tcd.ie/business/programmes/masters-programmes/msc-in-business-analytics-and-ai-for-management/fees/","2026-07-12","Yes"
"12","Realistic target","Ireland","University College Dublin - Smurfit","MSc Business Analytics","Business Analytics","Yes","No experience requirement stated; quantitative degree content required","High","Strong analytics fit with practical capstone options","Dublin cost and competition; verify exact quantitative-credit equivalence","12 months","EUR 26,180 non-EU current catalog snapshot","2028 TBD; rolling/verify and apply early","English requirement; GMAT/GRE program-specific","UCD Global Excellence and Smurfit scholarships","https://hub.ucd.ie/usis/!W_HU_MENU.P_PUBLISH?MAJR=B154&p_tag=COURSE","https://www.smurfitschool.ie/admissions/scholarships/","2026-07-12","Yes"
"13","Realistic target","Ireland","University of Galway","MSc Business Analytics","Business Analytics","Yes","Fresh graduates eligible subject to degree requirements","High","Good fit at lower cost than many Dublin/UK options; industry-oriented","Smaller market and housing; admission competitiveness unknown","12 months","EUR 21,640 non-EU for 2026/27 fee schedule","2028 TBD/verify","English and academic requirements; verify intake-specific details","GOI-IES and University of Galway international merit awards","https://www.universityofgalway.ie/business-public-policy-law/cairnes/courses/taught/businessanalyticsmsc/","https://www.universityofgalway.ie/student-fees/how-much/postgraduate-fees/","2026-07-12","Yes"
"14","Realistic target","Germany","Technical University of Munich","MSc Management and Technology","Tech/business hybrid","Yes","Experience not the core requirement; aptitude and academic fit control","High","Excellent CS-AI to management/technology bridge","Strict aptitude/prerequisite assessment; Munich cost; non-EU tuition","4 semesters","EUR 4,000 per semester for third-country students plus semester fee in current official listing","2028 TBD; current windows 1 Apr-31 May and 1 Nov-30 Nov","English proof and aptitude assessment; no generic score assumption","TUM fee waivers and scholarships; eligibility-specific","https://www.tum.de/en/studies/degree-programs/detail/management-and-technology-tum-bwl-master-of-science-msc","https://www.mgt.tum.de/programs/master-in-management-technology","2026-07-12","Yes"
"15","Realistic target","Germany","ESMT Berlin","Master in Innovation and Entrepreneurship","Innovation/Entrepreneurship","Yes","Early-career program; verify cohort profile","Medium","Track A products clients and startup ecosystem can form direct application evidence","Private-school tuition; two-year opportunity cost","24 months","EUR 36,000 current full-program tuition","2028 TBD/verify","Admissions tests/English requirements intake-specific","ESMT merit diversity and social-impact scholarships","https://esmt.berlin/master-programs/master-innovation-entrepreneurship","https://esmt.berlin/master-programs/master-innovation-entrepreneurship/faq","2026-07-12","Yes"
"16","Financially safe backup","Germany","HWR Berlin","MA International Business and Consulting - Strategic Management","MSc Management","Potentially","Work experience normally not central; exact bachelor content required","Medium","Applied strategy/consulting route in Berlin at a public university","May require substantial business/economics credits that CS-AI degree may not contain","3 semesters","No general tuition expected at public program; semester contribution and any specific fees must be verified","2028 TBD/verify","English proof and academic-credit requirements; verify","DAAD database and HWR awards where eligible","https://www.hwr-berlin.de/en/study/degree-programmes/detail/13-international-business-consulting-strategic-management/","https://www.hwr-berlin.de/en/study/international-study/degree-seeking-students/application/","2026-07-12","Yes"
"17","Financially safe backup","Germany","FAU Erlangen-Nurnberg","MSc International Information Systems","Tech/business hybrid","Yes if prerequisite fit","Experience not generally the core requirement","High","Excellent information-systems bridge and strong industrial region","Precise IS/business/computing prerequisite equivalence must be audited","4 semesters","No tuition snapshot assumed; semester contribution/fees TBD verify","2028 TBD/verify","English and academic aptitude requirements; verify","FAU/DAAD awards; limited coursework funding","https://www.iis.study.fau.eu/","https://www.fau.eu/education/application-and-enrolment/","2026-07-12","Yes"
"18","Financially safe backup","Germany","University of Passau","MSc Information Systems","Tech/business hybrid","Yes if prerequisite fit","No general work-experience requirement assumed; verify","High","Business informatics and digital enterprise fit with lower public-university cost","Module equivalence and English/German course availability must be checked","4 semesters","No tuition snapshot assumed; semester contribution/fees TBD verify","2028 TBD/verify","Academic prerequisites and language evidence control","University/DAAD scholarships; usually partial","https://www.uni-passau.de/en/msc-information-systems","https://www.uni-passau.de/en/apply","2026-07-12","Yes"
"19","Financially safe backup","Germany","Schmalkalden University of Applied Sciences","MSc International Business and Economics","MSc Management/Economics","Potentially","Fresh graduates possible; exact economics/business prerequisite fit required","Medium","Applied public option and cost hedge","CS-AI bachelor may lack required economics/business credits","4 semesters","Tuition/semester contribution TBD verify on official page","2028 TBD/verify","English and academic requirements; verify","DAAD/university routes where eligible","https://www.hs-schmalkalden.de/en/studying/programmes/master/international-business-and-economics-msc","https://www.hs-schmalkalden.de/en/international/incoming-students/degree-seeking-students","2026-07-12","Yes"
"20","Financially safe backup","Germany","University of Mannheim","Mannheim Master in Management","MiM/MSc Management","Potentially","Experience not primary; prior business coursework is decisive","Medium","High-quality management education with relatively controlled public cost","Likely business-credit gap for CS-AI; Baden-Wurttemberg non-EU tuition applies","4 semesters","Non-EU state tuition commonly EUR 1,500/semester plus fees; verify program/current exemptions","2028 TBD/verify","Academic prerequisites; English; GMAT/GRE policy varies","Deutschlandstipendium and university awards","https://www.uni-mannheim.de/en/academics/programs/mannheim-master-in-management/","https://www.uni-mannheim.de/en/academics/coming-to-mannheim/tuition-fees/","2026-07-12","Yes"
