name,location,website_or_social,contact_path,internship_job_possibility,startup_relevance,how_to_approach_later,priority_score
AIC RAISE,Coimbatore/Rathinam ecosystem,https://aicraise.com/,official website and campus route,high,very high,Prepare 1-page profile plus demos; ask for startup project/internship referrals through campus,95
Rathinam Techzone/Rathinam ecosystem,Coimbatore,https://rathinamcollege.ac.in/,campus departments and techzone,high,very high,Use student identity and project portfolio to seek internal software/project work,94
StartupTN,Chennai/Tamil Nadu,https://startuptn.in/,official portal events and regional hubs,medium,high,Track events grants mentor sessions and startup directories,88
iTNT Hub,Chennai,https://itnthub.tn.gov.in/,official programs/events,medium,high,Attend deep-tech/AI events and look for startups needing interns,80
Forge Innovation and Ventures,Coimbatore,https://forgeforward.in/,official programs/events,medium,high,Follow events and apply for builder/startup programs when ready,84
PSG STEP,Coimbatore,https://www.psgstep.org/,official incubator route,medium,high,Use Coimbatore network and startup events for founder introductions,78
KCT Technology Business Incubator,Coimbatore,https://www.kct.ac.in/,college/incubation route,medium,medium,Watch hackathons and incubator events; seek project collaborations,72
IIT Madras Incubation Cell,Chennai,https://www.incubation.iitm.ac.in/,official jobs/startup portfolio,medium,high,Search portfolio startups for internships and automation roles,76
Anna University CED,Chennai,https://www.annauniv.edu/,official entrepreneurship cell,low,medium,Useful for events and student startup context,62
NIT Trichy CEDI,Trichy,https://www.nitt.edu/,official incubator route,medium,medium,Nearby but relevant for Tamil Nadu startup network and events,65
EDII Tamil Nadu,Chennai/Tamil Nadu,https://www.editn.in/,official schemes/events,low,medium,Use for entrepreneurship training and scheme awareness,64
ICT Academy,Chennai/Tamil Nadu,https://www.ictacademy.in/,internship/job portal and events,medium,medium,Track internship drives and skill programs,70
Google for Startups Accelerator India,India,https://startup.google.com/,program page,low,high,Long-term route if you build a startup product,55
PM Internship Scheme,India,https://pminternship.mca.gov.in/,official portal,medium,medium,Check eligibility and IT-sector openings; verify live cycles,60
